City_ID,City,Latitude,Lng,Max Temp,Humidity,Cloudiness,Wind Speed,Country,Date
0,saldanha,-33.0117,17.9442,19.03,57,94,4.37,ZA,1745008253
1,borogontsy,62.6683,131.1683,-7.96,96,86,1.52,RU,1745008254
2,albany,42.6001,-73.9662,20.36,30,100,1.79,US,1745008255
3,waitangi,-43.9535,-176.5597,16.01,94,99,3.13,NZ,1745008256
4,grytviken,-54.2811,-36.5092,2.35,76,70,2.97,GS,1745008257
5,stanley,54.868,-1.6985,7.51,84,20,4.63,GB,1745008258
6,port-cartier,50.0334,-66.8654,4.74,68,100,2.88,CA,1745008259
7,wailua homesteads,22.0669,-159.378,23.96,84,75,3.09,US,1745008261
8,papao,-17.75,-149.55,28.82,78,100,1.23,PF,1745008262
9,jamestown,42.097,-79.2353,23.01,50,100,10.29,US,1745008259
10,kargil,34.5667,76.1,0.57,60,98,2.28,IN,1745008264
11,olonkinbyen,70.9221,-8.7187,-5.28,56,37,1.23,SJ,1745008265
12,talnakh,69.4865,88.3972,-20.71,95,72,0.33,RU,1745008267
13,chipinge,-20.1883,32.6236,15.16,77,99,1.64,ZW,1745008268
14,badger,64.8,-147.5333,6.31,65,75,5.14,US,1745008270
15,whitehorse,60.7161,-135.0538,5.57,35,75,5.66,CA,1745008271
16,avarua,-21.2078,-159.775,24.03,78,75,6.17,CK,1745008272
17,adamstown,-25.066,-130.1015,24.61,85,100,6.7,PN,1745008273
18,iqaluit,63.7506,-68.5145,-2.15,68,100,6.71,CA,1745008274
19,igarka,67.4667,86.5833,-19.38,100,100,2.82,RU,1745008275
20,klyuchi,52.2667,79.1667,-2.03,76,29,5.55,RU,1745008276
21,ushuaia,-54.8,-68.3,9.81,62,75,1.54,AR,1745008277
22,yellowknife,62.456,-114.3525,4.12,81,100,8.75,CA,1745008038
23,brookings,44.3114,-96.7984,11.21,42,75,8.75,US,1745008280
24,hawaiian paradise park,19.5933,-154.9731,27.79,66,20,4.12,US,1745008281
25,kodiak,57.79,-152.4072,4.73,56,20,4.63,US,1745008282
26,fort st. john,56.2499,-120.8529,15.94,21,75,8.75,CA,1745008283
27,thompson,55.7435,-97.8558,-2.91,46,75,4.63,CA,1745008284
28,andradas,-22.0681,-46.5692,20.91,85,100,1.79,BR,1745008285
29,bethel,41.3712,-73.414,18.43,37,0,4.63,US,1745008287
30,port-aux-francais,-49.35,70.2167,4.24,63,99,12.84,TF,1745008289
31,aasiaat,68.7098,-52.8699,-2.86,89,100,2.4,GL,1745008290
32,hermanus,-34.4187,19.2345,20.0,47,100,1.72,ZA,1745008291
33,sumenep,-7.0167,113.8667,24.91,91,100,2.24,ID,1745008292
34,papatowai,-46.5619,169.4708,14.16,92,100,1.5,NZ,1745008293
35,codrington,-38.2667,141.9667,16.68,77,100,5.1,AU,1745008294
36,nagqu,31.5,92.0,-2.85,41,0,1.95,CN,1745008295
37,beira,-19.8436,34.8389,25.05,88,100,4.63,MZ,1745008297
38,kudahuvadhoo,2.6708,72.8944,28.86,72,91,4.44,MV,1745008299
39,puerto natales,-51.7236,-72.4875,13.25,47,75,7.72,CL,1745008300
40,saipan,15.1355,145.701,27.39,78,40,6.69,MP,1745008301
41,santa maria,-29.6842,-53.8069,28.61,61,20,2.06,BR,1745008081
42,bredasdorp,-34.5322,20.0403,19.1,56,42,1.28,ZA,1745008306
43,ribeira grande,38.5167,-28.7,17.22,67,20,3.58,PT,1745008307
44,college,64.8569,-147.8028,6.36,62,75,5.14,US,1745008308
45,tacuarembo,-31.7333,-55.9833,23.44,65,0,4.73,UY,1745008309
46,afif,23.9065,42.9172,23.2,21,71,7.62,SA,1745008310
47,borodulikha,50.7184,80.9295,-0.02,81,100,5.9,KZ,1745008311
48,udachny,66.4167,112.4,1.13,94,100,5.33,RU,1745008312
49,isafjordur,66.0755,-23.124,-1.5,80,21,1.0,IS,1745008313
50,petropavlovsk-kamchatsky,53.0452,158.6483,0.33,86,0,3.0,RU,1745008314
51,hamilton,39.1834,-84.5333,27.69,45,0,8.23,US,1745008316
52,torbat-e heydariyeh,35.274,59.2195,6.79,63,37,2.99,IR,1745008317
53,danville,36.586,-79.395,27.38,38,0,5.36,US,1745008318
54,bilibino,68.0546,166.4372,-12.73,93,99,1.46,RU,1745008319
55,cole harbour,44.6724,-63.4751,13.66,46,45,3.33,CA,1745008320
56,colonia menno,-22.3667,-59.8167,28.35,80,57,1.75,PY,1745008322
57,marsabit,2.3284,37.9899,18.45,83,93,1.48,KE,1745008323
58,majuro,7.0897,171.3803,27.98,83,75,4.12,MH,1745008325
59,utrik,11.2278,169.8474,26.99,72,20,7.39,MH,1745008326
60,vorgashor,67.5833,63.95,-17.7,100,100,2.51,RU,1745008327
61,mejit,10.2753,170.8646,26.71,71,71,6.48,MH,1745008328
62,fortuna,40.5982,-124.1573,18.85,66,47,0.89,US,1745008329
63,knyaze-volkonskoye,48.4642,135.4567,6.19,87,100,3.64,RU,1745008330
64,hampton bays,40.869,-72.5176,13.81,70,81,4.47,US,1745008331
65,port mathurin,-19.6833,63.4167,27.25,77,33,8.4,MU,1745008332
66,puerto ayora,-0.7393,-90.3518,26.97,94,99,2.24,EC,1745008333
67,khandyga,62.6667,135.6,-9.19,88,37,1.48,RU,1745008334
68,saudarkrokur,65.7461,-19.6394,0.82,75,28,1.67,IS,1745008336
69,punta arenas,-53.15,-70.9167,11.06,71,75,6.69,CL,1745008337
70,tadine,-21.55,167.8833,23.34,69,27,1.0,NC,1745008338
71,sandikli,38.4647,30.2695,11.77,65,83,1.41,TR,1745008340
72,sorong,-0.8833,131.25,26.41,83,100,1.63,ID,1745008341
73,santa terezinha,-29.9002,-50.0904,25.29,81,6,2.81,BR,1745008342
74,acarau,-2.8856,-40.12,27.2,78,85,4.53,BR,1745008344
75,georgetown,5.4112,100.3354,27.96,93,20,2.24,MY,1745008345
76,jiuquan,39.7432,98.5174,12.96,20,99,3.33,CN,1745008346
77,hirara,24.8,125.2833,22.92,94,75,4.63,JP,1745008347
78,tiksi,71.6872,128.8694,-8.1,94,100,1.59,RU,1745008348
79,melekeok village,7.4957,134.6367,27.31,83,75,2.57,PW,1745008349
80,ha tinh,18.3333,105.9,25.77,78,80,1.38,VN,1745008350
81,waiuku,-37.25,174.75,20.93,95,20,4.79,NZ,1745008351
82,chapadinha,-3.7417,-43.3603,27.88,72,55,2.68,BR,1745008352
83,sukuta,13.4103,-16.7082,22.01,83,5,4.63,GM,1745008353
84,masterton,-40.9597,175.6575,19.15,78,21,3.05,NZ,1745008355
85,maragogi,-9.0122,-35.2225,27.3,73,21,3.3,BR,1745008356
86,cockburn town,21.4612,-71.1419,25.22,75,0,9.96,TC,1745008357
87,jayapura,-2.5333,140.7,24.66,91,100,1.53,ID,1745008358
88,lebu,-37.6167,-73.65,12.23,79,67,7.85,CL,1745008359
89,port douglas,-16.4833,145.4667,24.69,88,99,4.85,AU,1745008361
90,mersa matruh,31.3525,27.2453,19.11,59,0,1.54,EG,1745008362
91,luderitz,-26.6481,15.1594,16.99,74,24,1.41,NA,1745008363
92,jonuta,18.0833,-92.1333,37.14,21,25,6.93,MX,1745008365
93,la passe,45.5549,-0.8967,14.47,87,82,6.79,FR,1745008366
94,hastings,50.8552,0.5729,13.28,82,100,6.89,GB,1745008367
95,tazacorte,28.629,-17.9293,18.54,90,20,4.12,ES,1745008368
96,pathein,16.7833,94.7333,26.47,81,5,2.53,MM,1745008369
97,margaret river,-33.95,115.0667,12.16,77,82,2.1,AU,1745008133
98,whittlesey,52.558,-0.1302,11.7,66,100,6.5,GB,1745008371
99,menomonie,44.8755,-91.9193,12.02,82,100,6.17,US,1745008372
100,cabedelo,-6.9811,-34.8339,28.37,71,17,4.42,BR,1745008373
101,longyearbyen,78.2186,15.6401,-5.09,80,75,6.69,SJ,1745008375
102,el calafate,-50.3408,-72.2768,9.64,71,100,3.27,AR,1745008376
103,akrehamn,59.2667,5.1833,8.14,76,76,9.77,NO,1745008377
104,dudinka,69.4058,86.1778,-21.45,100,71,3.09,RU,1745008378
105,maputo,-25.9653,32.5892,19.82,73,40,4.12,MZ,1745008379
106,paracuru,-3.41,-39.0306,26.51,77,100,3.51,BR,1745008380
107,ola,59.5833,151.2833,-3.91,75,0,3.63,RU,1745008381
108,merizo village,13.2658,144.6691,27.31,83,97,6.53,GU,1745008382
109,guangyuan,32.442,105.823,16.22,65,67,2.53,CN,1745008384
110,igrim,63.1906,64.4162,-5.59,89,100,2.09,RU,1745008385
111,tazovsky,67.4667,78.7,-17.66,99,92,4.11,RU,1745008386
112,selfoss,63.9331,-20.9971,4.77,54,3,0.9,IS,1745008387
113,nemuro,43.3236,145.575,2.61,98,100,6.1,JP,1745008388
114,tucano,-10.9631,-38.7867,30.38,42,8,5.69,BR,1745008389
115,berbera,10.4396,45.0143,27.63,78,8,0.25,SO,1745008390
116,edinburgh of the seven seas,-37.0676,-12.3116,15.45,73,64,7.44,SH,1745008391
117,horta,38.5333,-28.6333,16.8,81,20,3.58,PT,1745008392
118,tirthahalli,13.7,75.2333,21.16,96,83,1.94,IN,1745008394
119,richards bay,-28.783,32.0377,18.99,74,100,1.07,ZA,1745008395
120,fort bragg,35.139,-79.006,28.23,42,20,5.66,US,1745008396
121,balimila,18.25,82.1333,26.8,61,33,0.79,IN,1745008397
122,alotau,-10.3069,150.4462,24.59,97,100,0.65,PG,1745008398
123,poletayevo,55.0336,61.1138,3.89,82,100,6.54,RU,1745008399
124,pizarro,4.9533,-77.366,28.79,76,89,2.36,CO,1745008400
125,blackmans bay,-43.0167,147.3167,14.07,91,91,0.89,AU,1745008401
126,dubrovytsya,51.5744,26.565,14.67,65,2,4.37,UA,1745008403
127,cabo san lucas,22.8909,-109.9124,28.17,44,100,2.06,MX,1745008183
128,qaqortoq,60.7167,-46.0333,3.5,63,100,5.03,GL,1745008405
129,lesnoy,57.6198,63.0784,-1.14,95,100,3.93,RU,1745008358
130,invercargill,-46.4,168.35,11.68,99,99,0.45,NZ,1745008407
131,island harbour,50.724,-1.2758,11.52,91,100,3.13,GB,1745008408
132,port blair,11.6667,92.75,27.49,80,32,2.51,IN,1745008409
133,magdagachi,53.45,125.8,1.33,95,100,1.82,RU,1745008410
134,zhangye,38.9342,100.4517,12.64,23,65,3.45,CN,1745008411
135,lensk,60.7253,114.9278,-2.4,95,7,1.3,RU,1745008413
136,tinajo,29.0788,-13.7081,18.49,63,40,7.72,ES,1745008414
137,carutapera,-1.195,-46.02,25.93,84,100,2.91,BR,1745008415
138,salinopolis,-0.6136,-47.3561,26.56,84,100,4.3,BR,1745008416
139,sitka,57.0531,-135.33,5.94,81,100,4.12,US,1745008417
140,lihue,21.9789,-159.3672,24.3,78,75,3.09,US,1745008418
141,west island,-12.1568,96.8225,26.99,83,100,7.72,CC,1745008419
142,ilulissat,69.2167,-51.1,-0.99,69,75,2.06,GL,1745008420
143,sortavala,61.7053,30.6918,7.29,98,99,1.43,RU,1745008421
144,lamu,-2.2717,40.902,27.36,80,36,4.89,KE,1745008423
145,el porvenir,13.7617,-87.3458,34.99,29,0,5.24,HN,1745008424
146,les cayes,18.2,-73.75,29.77,55,0,7.3,HT,1745008425
147,acapulco de juarez,16.8634,-99.8901,29.9,62,40,4.12,MX,1745008175
148,puerto armuelles,8.2833,-82.8667,27.83,71,8,1.79,PA,1745008427
149,bikenibeu village,1.3673,173.1241,27.98,89,40,3.6,KI,1745008428
150,xilin hot,43.9667,116.0333,5.26,72,100,2.92,CN,1745008429
151,north bend,43.4065,-124.2243,24.58,48,0,6.69,US,1745008430
152,beyneu,45.3167,55.2,16.42,30,79,0.87,KZ,1745008431
153,raduzhny,62.0961,77.475,-10.16,93,100,4.38,RU,1745008433
154,dem'yanovo,60.3511,47.0842,8.95,94,64,2.82,RU,1745008434
155,port elizabeth,-33.918,25.5701,18.16,95,0,5.14,ZA,1745008435
156,kenai,60.5544,-151.2583,5.01,96,100,7.2,US,1745008436
157,marka,1.7159,44.7717,28.01,73,99,4.44,SO,1745008437
158,bella vista,36.4295,-94.2316,23.74,71,100,7.72,US,1745008280
159,itoman,26.1247,127.6694,20.61,94,100,4.12,JP,1745008306
160,peniche,39.3558,-9.3811,14.56,93,60,10.81,PT,1745008440
161,tarfaya,27.9358,-12.9218,18.45,81,42,9.12,MA,1745008441
162,baruun-urt,46.6806,113.2792,3.48,32,2,1.17,MN,1745008443
163,prince rupert,54.3161,-130.3201,8.05,75,75,7.72,CA,1745008444
164,haimen,23.1935,116.6142,23.62,95,91,3.41,CN,1745008445
165,sola,-13.8833,167.55,27.2,79,100,2.8,VU,1745008446
166,santa cruz,-17.8,-63.1667,30.03,74,40,7.2,BO,1745008230
167,cidade velha,14.9167,-23.6167,22.26,73,40,6.17,CV,1745008448
168,songkhla,6.8333,100.6667,24.76,95,19,0.78,TH,1745008449
169,afaahiti,-17.75,-149.2833,25.08,84,100,2.61,PF,1745008452
170,primero de mayo,-32.2552,-58.4228,22.99,64,27,6.51,AR,1745008453
171,malango,-2.9627,119.9001,17.97,95,90,1.19,ID,1745008454
172,chernyshevskiy,63.0128,112.4714,-3.19,96,98,1.69,RU,1745008455
173,solleftea,63.1667,17.2667,6.92,77,92,1.48,SE,1745008456
174,suntar,62.1444,117.6319,-1.87,93,15,2.28,RU,1745008457
175,atafu village,-8.5421,-172.5159,28.84,74,25,3.11,TK,1745008458
176,tofol,5.3248,163.0078,27.64,80,85,8.75,FM,1745008459
177,tres arroyos,-38.3739,-60.2798,13.38,60,76,5.85,AR,1745008460
178,tamanrasset,22.785,5.5228,25.95,9,0,2.57,DZ,1745008462
179,carnarvon,-24.8667,113.6333,20.24,51,0,8.78,AU,1745008463
180,kargasok,59.0556,80.8572,-6.29,64,100,5.27,RU,1745008465
181,usogorsk,63.4106,48.6872,4.15,99,100,3.6,RU,1745008466
182,arteche,12.2645,125.4048,25.88,87,99,3.38,PH,1745008467
183,tongchuanshi,35.0806,109.0897,12.23,55,14,2.02,CN,1745008468
184,suoyarvi,62.0833,32.35,7.19,97,80,1.92,RU,1745008469
185,bullhead city,35.1478,-114.5683,22.82,37,83,1.79,US,1745008471
186,tongliao,43.6125,122.2653,8.32,50,100,2.94,CN,1745008472
187,yabelo,4.8833,38.0833,16.3,86,100,2.47,ET,1745008473
188,gray,35.4167,-100.802,13.89,36,100,3.52,US,1745008474
189,bereznik,62.8551,42.7072,10.11,88,69,3.29,RU,1745008475
190,happy valley-goose bay,53.3168,-60.3315,5.17,56,75,7.72,CA,1745008476
191,saint-pierre,-21.3393,55.4781,24.82,78,40,3.6,RE,1745008477
192,inozemtsevo,44.0926,43.0911,6.92,71,0,5.0,RU,1745008478
193,chibougamau,49.9168,-74.3659,0.79,93,100,5.14,CA,1745008479
194,quellon,-43.1167,-73.6167,11.25,78,84,4.0,CL,1745008481
195,ancud,-41.8697,-73.8203,12.39,74,80,1.68,CL,1745008482
196,pangai,-19.8,-174.35,26.06,89,100,7.72,TO,1745008483
197,anadyr,64.75,177.4833,-10.72,85,75,2.0,RU,1745008484
198,karratha,-20.7377,116.8463,25.97,33,0,2.13,AU,1745008485
199,tomatlan,19.9333,-105.25,31.78,34,12,5.14,MX,1745008486
200,howrah,22.5892,88.3103,24.0,88,40,0.0,IN,1745008487
201,saint-joseph,-21.3667,55.6167,24.21,82,18,4.28,RE,1745008488
202,puerto baquerizo moreno,-0.9,-89.6,28.55,74,75,5.14,EC,1745008489
203,dalnerechensk,45.9339,133.7225,4.47,95,30,2.97,RU,1745008491
204,port alfred,-33.5906,26.891,19.54,80,26,2.68,ZA,1745008492
205,tucuma,-0.1833,-50.05,27.16,80,75,3.64,BR,1745008493
206,morehead city,34.7229,-76.726,24.0,64,0,5.66,US,1745008494
207,meulaboh,4.1363,96.1285,26.14,83,76,0.32,ID,1745008495
208,gadzhiyevo,69.2551,33.3362,1.09,85,100,12.18,RU,1745008496
209,fale old settlement,-9.3852,-171.2468,28.51,73,45,2.61,TK,1745008497
210,remire-montjoly,4.9167,-52.2667,28.02,89,75,5.14,GF,1745008498
211,adamantina,-21.6853,-51.0725,21.76,93,100,3.34,BR,1745008499
212,yurgamysh,55.3714,64.4656,0.63,54,100,4.81,RU,1745008501
213,caleta de carquin,-11.0925,-77.6267,21.6,77,99,4.24,PE,1745008502
214,uniontown,39.9001,-79.7164,27.77,30,23,1.79,US,1745008503
215,robertsport,6.7533,-11.3686,27.47,86,58,3.52,LR,1745008504
216,tura,25.5198,90.2201,21.06,85,100,1.31,IN,1745008505
217,jinxiang,27.4327,120.6062,19.96,94,99,1.8,CN,1745008506
218,rongelap,11.1635,166.8941,27.28,74,44,8.19,MH,1745008507
219,walvis bay,-22.9575,14.5053,14.53,88,7,2.57,NA,1745008508
220,yendi,9.4427,-0.0099,28.43,60,84,4.87,GH,1745008510
221,ahar,38.4774,47.0699,4.19,71,99,1.52,IR,1745008511
222,rampur,28.8167,79.0333,27.28,49,36,2.64,IN,1745008512
223,shuangyang,43.5242,125.6736,7.98,58,100,3.11,CN,1745008513
224,pisco,-13.7,-76.2167,23.03,64,0,3.6,PE,1745008514
225,qashyr,53.0675,76.1036,-2.3,52,31,5.75,KZ,1745008515
226,barjala,23.6167,91.3667,24.13,89,93,0.67,IN,1745008516
227,la foa,-21.7108,165.8276,22.35,75,73,0.82,NC,1745008517
228,baker city,44.7749,-117.8344,13.8,18,0,1.54,US,1745008518
229,lusambo,-4.9667,23.45,21.01,99,100,0.92,CD,1745008520
230,ghat,24.9647,10.1728,29.69,12,1,5.45,LY,1745008521
231,kalmunai,7.4167,81.8167,27.05,83,85,1.53,LK,1745008522
232,east london,-33.0153,27.9116,20.05,73,23,8.73,ZA,1745008524
233,ranau,5.9538,116.6641,21.4,96,82,0.43,MY,1745008525
234,vila velha,-20.3297,-40.2925,25.97,83,75,3.6,BR,1745008526
235,margate,51.3813,1.3862,12.61,70,100,0.89,GB,1745008239
236,susuman,62.7833,148.1667,-13.53,96,88,0.96,RU,1745008529
237,sur,22.5667,59.5289,29.61,41,0,4.15,OM,1745008530
238,rawai,7.7797,98.3253,27.89,81,66,5.57,TH,1745008531
239,port saint john's,-31.6229,29.5448,19.57,78,88,5.38,ZA,1745008532
240,nar'yan-mar,67.6713,53.087,-0.29,95,100,8.3,RU,1745008534
241,st. john's,47.5649,-52.7093,7.38,72,75,7.72,CA,1745008536
242,nashville,36.1659,-86.7844,28.73,47,0,7.2,US,1745008537
243,oum hadjer,13.2954,19.6966,31.38,7,42,4.4,TD,1745008538
244,barra de santo antonio,-9.4047,-35.5072,27.6,69,3,3.49,BR,1745008539
245,vung tau,10.346,107.0843,27.11,79,100,3.65,VN,1745008540
246,matias barbosa,-21.8692,-43.3194,21.77,90,100,1.48,BR,1745008541
247,siwa oasis,29.2041,25.5195,24.5,16,10,1.16,EG,1745008542
248,hadibu,12.65,54.0333,26.58,64,0,0.76,YE,1745008543
249,sikonge,-5.6333,32.7667,20.53,78,78,1.46,TZ,1745008544
250,lompoc,34.6391,-120.4579,18.23,66,0,8.23,US,1745008546
251,noumea,-22.2763,166.4572,25.0,99,43,2.45,NC,1745008547
252,kasongo-lunda,-6.4667,16.8167,20.57,97,20,0.39,CD,1745008549
253,kzyltu,53.6364,72.3414,-2.62,52,0,2.53,KZ,1745008550
254,ak'ordat,15.5486,37.8867,31.36,38,65,6.7,ER,1745008551
255,inyonga,-6.7167,32.0667,18.91,91,100,1.84,TZ,1745008552
256,kibondo,-3.5864,30.7203,16.98,95,100,2.01,TZ,1745008553
257,kerikeri,-35.2268,173.9474,21.06,93,70,4.47,NZ,1745008554
258,lerwick,60.1545,-1.1494,6.31,74,14,3.56,GB,1745008557
259,singarayakonda,15.25,80.0333,27.95,86,23,5.24,IN,1745008558
260,nova sintra,14.8667,-24.7167,21.7,81,0,11.13,CV,1745008559
261,san patricio,28.017,-97.5169,27.97,64,100,10.71,US,1745008560
262,keetmanshoop,-26.5833,18.1333,23.51,43,31,1.54,NA,1745008561
263,new amsterdam,6.25,-57.5167,27.65,81,40,2.77,GY,1745008562
264,ayios konstandinos,38.6333,21.4,14.8,79,1,1.8,GR,1745008563
265,sinabang,2.4803,96.3801,26.72,84,88,1.55,ID,1745008565
266,tottenham,-32.2333,147.35,15.1,43,99,3.07,AU,1745008566
267,tual,-5.6667,132.75,28.44,75,91,3.42,ID,1745008567
268,port lincoln,-34.7333,135.8667,20.3,71,100,5.49,AU,1745008568
269,mount isa,-20.7333,139.5,15.87,88,78,0.0,AU,1745008569
270,berdigestyakh,62.0989,126.6992,-5.4,97,62,2.16,RU,1745008570
271,tindouf,27.6711,-8.1474,28.25,13,3,3.09,DZ,1745008571
272,princeville,45.7668,-61.2985,9.17,51,0,4.47,CA,1745008572
273,kapuskasing,49.4169,-82.4331,4.05,100,100,3.09,CA,1745008574
274,labuan,5.2767,115.2417,26.2,94,20,0.0,MY,1745008575
275,dunedin,-45.8742,170.5036,14.04,93,100,2.62,NZ,1745008576
276,aldan,58.6031,125.3894,-6.99,91,85,1.96,RU,1745008577
277,brandon,27.9378,-82.2859,32.25,42,40,4.12,US,1745008578
278,cova figueira,14.8905,-24.2934,16.81,79,0,7.04,CV,1745008579
279,bayanaul,50.7889,75.6956,-4.11,73,100,5.4,KZ,1745008580
280,nago,26.5881,127.9761,19.89,90,100,4.34,JP,1745008581
281,kavaratti,10.5669,72.642,28.56,68,17,2.8,IN,1745008583
282,yeraliyev,43.2,51.65,14.55,49,5,2.99,KZ,1745008584
283,nuuk,64.1835,-51.7216,2.34,69,75,3.6,GL,1745008585
284,brokopondo,4.75,-55.1667,27.15,84,60,3.59,SR,1745008587
285,bhamo,24.2667,97.2333,20.45,83,60,0.46,MM,1745008588
286,laojunmiao,39.8333,97.7333,11.44,21,100,1.97,CN,1745008589
287,kuanda,56.3161,116.0806,-2.54,79,1,1.13,RU,1745008590
288,yaroslavskiy,44.1683,132.2072,4.91,82,100,2.53,RU,1745008592
289,fortaleza,-3.7227,-38.5247,29.07,74,20,4.12,BR,1745008593
290,enewetak,11.3474,162.3373,27.42,75,91,8.88,MH,1745008594
291,guerrero negro,27.9769,-114.0611,19.8,53,0,7.58,MX,1745008595
292,haiku-pauwela,20.9219,-156.3051,27.25,69,40,9.39,US,1745008597
293,shahrak,34.1074,64.3052,2.97,78,67,1.89,AF,1745008598
294,balabac,7.9868,117.0645,26.78,81,77,2.69,PH,1745008599
295,cruzeiro do sul,-29.5128,-51.9853,25.28,64,50,1.12,BR,1745008600
296,nuku'alofa,-21.1333,-175.2,26.19,89,100,6.17,TO,1745008601
297,ainring,47.8167,12.95,9.9,81,75,1.54,DE,1745008603
298,gokwe,-18.2048,28.9349,14.94,93,98,4.72,ZW,1745008604
299,urangan,-25.3,152.9,19.74,84,3,2.91,AU,1745008606
300,sibut,5.718,19.0739,22.38,96,99,4.11,CF,1745008607
301,nyurba,63.2842,118.3319,-0.98,88,90,2.96,RU,1745008608
302,dickinson,29.4608,-95.0513,28.92,73,40,7.2,US,1745008610
303,pariaman,-0.619,100.12,24.03,87,67,2.23,ID,1745008611
304,berezovo,63.9381,65.0419,-8.51,96,96,1.36,RU,1745008614
305,palpa,-14.5336,-75.1856,31.07,32,50,5.1,PE,1745008615
306,mont-dore,-22.2833,166.5833,25.0,99,28,2.02,NC,1745008616
307,tolanaro,-25.0319,46.9987,23.17,88,99,0.54,MG,1745008617
308,macon,39.8667,-88.9668,25.03,61,75,9.77,US,1745008618
309,yarmouth,41.7057,-70.2286,14.42,47,0,7.72,US,1745008619
310,kolonia,50.9333,6.95,9.95,85,20,1.54,DE,1745008622
311,chinde,26.8212,87.7095,20.78,71,56,2.17,NP,1745008623
312,mezhdurechenskiy,59.6,65.9333,-3.1,53,72,2.76,RU,1745008624
313,mount pearl,47.5166,-52.7813,6.92,71,75,7.72,CA,1745008625
314,vernon,50.2581,-119.2691,20.97,29,19,1.54,CA,1745008626
315,riachao do jacuipe,-11.8069,-39.3856,30.76,45,11,5.57,BR,1745008627
316,kingston,17.997,-76.7936,32.53,52,20,2.06,JM,1745008628
317,grand baie,-20.0182,57.5802,24.14,87,0,0.45,MU,1745008629
318,praia da vitoria,38.7333,-27.0667,16.14,72,40,2.34,PT,1745008630
319,zapala,-38.8992,-70.0544,12.47,24,100,3.98,AR,1745008632
320,baganga,7.5739,126.56,25.07,86,100,2.49,PH,1745008633
321,midleton,51.9153,-8.1805,11.88,93,100,5.02,IE,1745008634
322,hithadhoo,-0.6,73.0833,28.6,74,10,4.03,MV,1745008635
323,markovo,57.3206,107.0881,1.03,84,100,4.84,RU,1745008636
324,pandan,14.0453,124.1694,25.52,83,59,3.01,PH,1745008637
325,port-vila,-17.7338,168.3219,21.78,100,40,0.51,VU,1745008638
326,camiri,-20.05,-63.5167,23.88,83,100,0.0,BO,1745008640
327,hilo,19.7297,-155.09,27.85,68,20,4.12,US,1745008641
328,puerto aysen,-45.4,-72.7,11.18,89,94,1.05,CL,1745008642
329,prachuap khiri khan,12.2167,99.75,24.99,93,93,1.14,TH,1745008643
330,flying fish cove,-10.4217,105.6791,25.82,88,75,2.57,CX,1745008644
331,el rosario,24.2556,-107.1828,31.87,30,100,5.62,MX,1745008646
332,yamada,39.4667,141.95,11.99,76,99,3.45,JP,1745008647
333,al bawiti,28.3492,28.8659,19.84,32,0,4.71,EG,1745008649
334,vilyuchinsk,52.9306,158.4028,2.15,97,40,3.19,RU,1745008650
335,villa gesell,-37.2639,-56.973,16.47,54,6,8.82,AR,1745008651
336,miasteczko slaskie,50.5026,18.9395,12.77,86,0,2.06,PL,1745008652
337,new norfolk,-42.7826,147.0587,12.18,93,100,1.2,AU,1745008653
338,geraldton,-28.7667,114.6,12.23,71,0,4.12,AU,1745008654
339,coahuayana de hidalgo,18.7,-103.6583,32.54,31,94,3.74,MX,1745008655
340,san lawrenz,36.0553,14.204,16.59,75,100,2.56,MT,1745008656
341,magadi,12.9667,77.2333,23.75,67,22,1.76,IN,1745008657
342,darhan,49.4867,105.9228,8.3,49,31,4.53,MN,1745008659
343,ad dilam,23.9915,47.1627,25.0,21,2,3.76,SA,1745008660
344,al qaryatayn,34.2296,37.2407,16.82,36,0,0.67,SY,1745008661
345,east ballina,-28.8667,153.5833,16.47,87,23,3.06,AU,1745008662
346,zaragoza,41.6561,-0.8773,18.78,56,75,4.12,ES,1745008663
347,tucumcari,35.1717,-103.725,13.91,35,20,6.69,US,1745008664
348,charlotte,35.2271,-80.8431,27.1,41,20,6.69,US,1745008665
349,queenstown,-31.8976,26.8753,11.6,88,49,1.16,ZA,1745008666
350,viedma,-40.8135,-62.9967,14.45,50,64,8.78,AR,1745008667
351,chilliwack,49.1747,-121.9443,20.55,38,43,2.24,CA,1745008529
352,kisiwani,-4.1333,37.95,21.24,95,29,0.98,TZ,1745008671
353,el sauzal de rodriguez,31.9,-116.6833,14.96,72,30,6.06,MX,1745008672
354,keflavik,64.0049,-22.5624,6.24,52,20,1.03,IS,1745008673
355,anar darah,32.7587,61.654,10.21,58,0,6.6,AF,1745008674
356,lata,40.1629,-8.3327,10.39,93,74,4.99,PT,1745008675
357,mazatlan,23.2167,-106.4167,28.98,73,40,3.6,MX,1745008676
358,fukuecho,32.6881,128.8419,16.54,94,29,3.39,JP,1745008679
359,ixtapa,20.7,-105.2,26.57,65,40,5.14,MX,1745008680
360,wagar,16.1525,36.2032,32.11,36,14,4.37,SD,1745008681
361,de aar,-30.6497,24.0123,17.0,63,0,5.56,ZA,1745008682
362,paranavai,-23.0731,-52.4653,20.18,91,100,1.33,BR,1745008683
363,buka,40.8108,69.1986,12.17,85,100,4.09,UZ,1745008684
364,arkhangel'sk,64.5401,40.5433,10.06,76,75,4.0,RU,1745008685
365,lucas,41.6501,-83.6666,28.33,43,0,11.32,US,1745008687
366,vorkuta,67.5,64.0,-18.15,100,100,2.17,RU,1745008688
367,la plata,-34.9215,-57.9545,17.68,51,10,3.59,AR,1745008689
368,dalhart,36.0595,-102.5133,14.01,41,0,8.23,US,1745008690
369,pocone,-16.2567,-56.6228,30.68,60,100,1.91,BR,1745008691
370,nasiriyah,31.0521,46.261,21.53,21,0,5.45,IQ,1745008692
371,vadso,70.0744,29.7487,0.09,86,75,7.2,NO,1745008693
372,miles city,46.4083,-105.8406,7.54,36,100,5.14,US,1745008694
373,hun,29.1268,15.9477,21.1,31,4,5.36,LY,1745008696
374,borkum,53.5809,6.6915,7.91,85,62,4.84,DE,1745008697
375,holualoa,19.6228,-155.9522,26.91,63,0,6.69,US,1745008698
376,mata-utu,-13.2816,-176.1745,28.34,71,87,3.81,WF,1745008700
377,murzuq,25.9155,13.9184,27.05,17,7,4.57,LY,1745008701
378,cill airne,52.05,-9.5167,10.13,99,100,2.29,IE,1745008702
379,daru,-9.0763,143.2092,24.93,92,100,3.68,PG,1745008704
380,inirida,3.8653,-67.9239,29.5,77,61,0.69,CO,1745008705
381,kulhudhuffushi,6.6221,73.07,28.5,74,96,2.7,MV,1745008706
382,bondowoso,-7.9135,113.8214,23.76,96,93,1.7,ID,1745008707
383,george town,5.4112,100.3354,27.96,93,20,2.24,MY,1745008708
384,cidreira,-30.1811,-50.2056,25.29,78,0,1.97,BR,1745008709
385,prata,-19.3072,-48.9242,23.68,83,100,3.48,BR,1745008710
386,humaita,-7.5061,-63.0208,27.18,89,100,0.67,BR,1745008711
387,mogadishu,2.0371,45.3438,28.38,72,100,4.44,SO,1745008712
388,lorengau,-2.0226,147.2712,26.35,85,100,3.18,PG,1745008714
389,colonia,50.9333,6.95,9.95,85,20,1.54,DE,1745008622
390,polovinnoye,54.7914,65.9864,-0.21,54,100,4.36,RU,1745008716
391,liman,48.9884,37.8023,13.85,51,0,2.65,UA,1745008717
392,talakan,50.3167,130.3667,4.67,96,100,2.67,RU,1745008719
393,ust'-kut,56.7938,105.7672,-0.55,90,100,4.92,RU,1745008722
394,al ghayzah,16.2079,52.176,26.23,71,0,2.45,YE,1745008723
395,kokopo,-4.352,152.2633,26.04,81,98,1.0,PG,1745008724
396,dhidhdhoo,6.8833,73.1,28.56,74,92,2.92,MV,1745008725
397,tevriz,57.509,72.4042,-6.09,77,25,1.31,RU,1745008726
398,el nido,11.1858,119.3956,26.75,92,100,4.2,PH,1745008727
399,celestun,20.8667,-90.4,32.5,41,31,6.07,MX,1745008728
400,caconda,-13.7333,15.0667,15.72,91,11,1.73,AO,1745008729
401,ust-nera,64.5667,143.2,-10.41,96,71,2.07,RU,1745008731
402,san juan de miraflores,-12.1629,-76.9635,20.29,74,100,2.92,PE,1745008732
403,tarija,-21.5355,-64.7296,22.95,49,40,4.12,BO,1745008734
404,rabo de peixe,37.8,-25.5833,14.73,67,75,4.12,PT,1745008735
405,dapa,9.7594,126.0531,26.43,83,98,3.44,PH,1745008736
406,lospalos,-8.5186,127.0025,22.72,96,99,2.09,TL,1745008737
407,cheney,47.4874,-117.5758,15.47,28,20,2.57,US,1745008738
408,sinjai,-5.1241,120.253,23.87,89,100,2.14,ID,1745008740
409,balqash,46.8481,74.995,2.92,53,1,3.47,KZ,1745008741
410,pyhajarvi,67.0701,27.2176,2.27,92,100,3.28,FI,1745008742
411,coruripe,-10.1256,-36.1756,26.69,73,4,3.76,BR,1745008743
412,alamosa,37.4695,-105.87,8.99,40,75,11.32,US,1745008744
413,juneau,58.3019,-134.4197,6.9,75,100,2.06,US,1745008648
414,bodo,67.28,14.405,6.02,92,100,3.6,NO,1745008747
415,suva,-18.1416,178.4415,24.71,100,75,0.0,FJ,1745008748
416,kailua-kona,19.6406,-155.9956,28.98,64,0,6.69,US,1745008749
417,doume,4.2333,13.45,21.72,86,23,0.55,CM,1745008751
418,novoul'yanovsk,54.1496,48.3891,10.92,81,90,2.06,RU,1745008752
419,wuyang,31.9925,116.2472,17.37,68,52,5.35,CN,1745008753
420,aroma,15.8167,36.1333,33.58,14,9,2.94,SD,1745008754
421,sabang,5.8933,95.3214,28.44,75,99,6.7,ID,1745008755
422,malabar,-33.9667,151.25,14.84,88,0,4.63,AU,1745008756
423,pathankot,32.2833,75.65,26.3,37,34,3.33,IN,1745008757
424,bunia,1.5667,30.25,18.17,83,78,1.07,CD,1745008758
425,qulsary,46.9531,54.0198,15.79,32,100,3.58,KZ,1745008760
426,ebon,4.582,168.6964,27.2,85,83,6.77,MH,1745008762
427,bakanas,44.8081,76.2772,7.7,24,90,4.0,KZ,1745008763
428,nikolayevsk-on-amure,53.1406,140.73,0.79,70,15,1.33,RU,1745008764
429,san francisco de la paz,14.9,-86.2,30.99,29,1,1.83,HN,1745008765
430,coquimbo,-29.9533,-71.3436,16.85,72,0,5.66,CL,1745008767
431,samitah,16.596,42.9444,30.52,50,1,1.87,SA,1745008768
432,kupang,-10.1667,123.5833,25.32,100,100,2.06,ID,1745008769
433,saint-philippe,-21.3585,55.7679,25.89,83,37,4.39,RE,1745008771
434,vilhena,-12.7406,-60.1458,30.12,62,40,2.06,BR,1745008772
435,aztec,36.8222,-107.9929,3.67,60,100,6.18,US,1745008773
436,salaga,8.5508,-0.5188,27.85,65,99,4.89,GH,1745008774
437,aleksandrovsk-sakhalinskiy,50.8975,142.1561,1.04,89,16,2.61,RU,1745008776
438,sharlyk,52.9167,54.75,13.09,79,68,3.39,RU,1745008777
439,rawson,-43.3002,-65.1023,16.16,39,0,6.17,AR,1745008778
440,san luis,-33.295,-66.3356,14.72,59,88,8.0,AR,1745008779
441,la peca,-5.6111,-78.435,24.63,81,97,1.34,PE,1745008780
442,hluti,-27.2167,31.6167,15.21,85,75,0.99,SZ,1745008781
443,comacchio,44.6975,12.1858,14.0,77,12,5.03,IT,1745008782
444,kacuni,44.065,17.9386,9.37,74,6,1.98,BA,1745008783
445,elverum,60.8819,11.5623,8.08,75,100,1.29,NO,1745008785
446,san matias,-16.3667,-58.4,32.0,53,100,2.61,BO,1745008786
447,bardai,11.65,7.2333,29.33,10,24,3.76,NG,1745008789
448,alofi,-19.0595,-169.9187,26.94,74,75,6.69,NU,1745008790
449,crane,31.3974,-102.3501,29.32,21,100,6.85,US,1745008792
450,bubaque,11.2833,-15.8333,24.41,72,8,7.63,GW,1745008793
451,kidal,18.4411,1.4078,33.31,11,7,6.26,ML,1745008794
452,uturoa,-16.7333,-151.4333,27.3,75,96,7.06,PF,1745008795
453,newman,37.3138,-121.0208,20.15,33,22,6.17,US,1745008796
454,madinat ash shamal,26.1293,51.2009,22.88,58,0,5.51,QA,1745008797
455,galle,6.0367,80.217,27.52,79,25,4.22,LK,1745008798
456,loukhi,66.0764,33.0381,6.85,85,100,5.69,RU,1745008799
457,atvidaberg,58.2015,15.9977,11.66,89,100,1.93,SE,1745008801
458,tanout,14.9709,8.8879,29.13,7,0,5.09,NE,1745008802
459,beaufort west,-32.3567,22.583,20.36,27,0,2.2,ZA,1745008803
460,manturovo,58.3353,44.7619,12.8,83,94,1.31,RU,1745008563
461,arno,60.1167,18.6333,9.18,96,100,2.22,SE,1745008805
462,rio casca,-20.2261,-42.6508,24.16,82,100,0.47,BR,1745008806
463,lagos,6.5833,3.75,27.65,81,98,3.16,NG,1745008807
464,sao geraldo do araguaia,-6.4006,-48.555,26.84,88,50,1.39,BR,1745008808
465,teknaf,20.8624,92.3058,25.38,83,4,1.46,BD,1745008809
466,tshabong,-26.05,22.45,20.61,62,37,8.71,BW,1745008811
467,strathalbyn,-35.2667,138.9,24.18,32,100,4.23,AU,1745008812
468,bridgewater,44.3835,-64.5155,13.95,24,34,7.2,CA,1745008813
469,ugoofaaru,5.6667,73.0,28.46,75,89,3.6,MV,1745008814
470,verdal,63.7933,11.4817,7.05,80,100,2.28,NO,1745008815
471,arraial do cabo,-22.9661,-42.0278,25.98,83,40,5.66,BR,1745008816
472,geneina,13.45,22.45,27.17,6,1,5.2,SD,1745008817
473,callaway,30.153,-85.5699,26.69,64,0,9.26,US,1745008819
474,peace river,56.2501,-117.286,20.17,27,0,9.26,CA,1745008820
475,howard springs,-12.497,131.047,26.95,100,93,1.56,AU,1745008821
476,castel madama,41.9735,12.8685,10.17,99,2,2.42,IT,1745008822
477,thanh hoa,19.8,105.7667,25.03,87,100,0.87,VN,1745008823
478,kirakira,-10.4544,161.9205,27.36,84,100,1.69,SB,1745008824
479,weno,7.4515,151.8468,27.97,78,20,4.12,FM,1745008825
480,oranjemund,-28.55,16.4333,17.65,82,51,2.01,NA,1745008826
481,westport,41.1415,-73.3579,17.37,43,0,6.69,US,1745008827
482,miandoab,36.9694,46.1027,7.12,50,1,1.8,IR,1745008829
483,tianshui,34.5439,105.6897,11.05,54,0,1.54,CN,1745008830
484,shilin,24.8188,103.3324,15.63,66,93,1.85,CN,1745008831
485,yanam,16.7333,82.2167,25.74,91,35,0.94,IN,1745008832
486,taltal,-25.4,-70.4833,18.41,77,44,1.72,CL,1745008833
487,belalcazar,2.6547,-75.9928,21.78,67,40,2.26,CO,1745008834
488,boca do acre,-8.7522,-67.3978,28.67,70,99,0.79,BR,1745008835
489,paita,-5.0892,-81.1144,24.48,69,95,6.77,PE,1745008836
490,pacific grove,36.6177,-121.9166,16.32,78,100,3.13,US,1745008838
491,constantia,44.1833,28.65,9.28,95,91,3.78,RO,1745008839
492,rebrikha,53.0733,82.3408,-1.89,81,75,3.38,RU,1745008840
493,fountain hills,33.6117,-111.7174,23.19,33,75,3.09,US,1745008605
494,barah,13.7,30.3667,27.67,7,30,4.3,SD,1745008842
495,reftinskiy,57.0901,61.6769,0.25,98,100,3.75,RU,1745008843
496,touros,-5.1989,-35.4608,27.9,73,53,5.01,BR,1745008844
497,bago,17.3367,96.4797,26.33,82,2,1.57,MM,1745008845
498,al jawf,29.5,38.75,21.02,20,82,4.9,SA,1745008847
499,pskov,57.8136,28.3496,15.95,67,0,1.0,RU,1745008848
500,helong,42.5397,128.9972,5.57,81,100,2.7,CN,1745008849
501,hinton,53.4001,-117.5857,16.87,30,18,3.93,CA,1745008850
502,yantongshan,43.2919,126.0094,7.79,59,100,2.8,CN,1745008851
503,dongcun,36.7767,121.1597,11.05,76,94,1.88,CN,1745008852
504,muri,23.3667,85.8667,26.32,68,0,2.07,IN,1745008853
505,libertad,8.9442,125.5019,23.35,87,99,2.25,PH,1745008854
506,vila franca do campo,37.7167,-25.4333,15.23,73,5,2.97,PT,1745008855
507,samux,40.7647,46.4085,9.56,81,40,2.06,AZ,1745008857
508,dinguiraye,11.3,-10.7167,31.28,32,62,1.97,GN,1745008858
509,staraya russa,57.9944,31.3608,15.17,91,6,2.65,RU,1745008859
510,iranshahr,27.2025,60.6848,26.19,15,0,4.12,IR,1745008860
511,la ronge,55.1001,-105.2842,1.14,51,20,3.6,CA,1745008861
512,tromso,69.6496,18.957,1.01,80,40,4.63,NO,1745008862
513,malanje,-9.5402,16.341,18.62,94,100,0.19,AO,1745008863
514,hammerfest,70.6634,23.6821,-0.75,86,100,5.14,NO,1745008864
515,pionerskiy,54.9508,20.2275,16.91,93,78,2.33,RU,1745008866
516,la manga del mar menor,37.6413,-0.7165,18.47,77,0,4.12,ES,1745008867
517,huarmey,-10.0681,-78.1522,22.62,73,100,4.87,PE,1745008868
518,usinsk,65.9939,57.5281,-2.63,97,100,7.37,RU,1745008869
519,bathsheba,13.2167,-59.5167,30.34,66,20,7.72,BB,1745008871
520,maryborough,-25.5333,152.7,18.03,92,5,1.09,AU,1745008872
521,zaozersk,69.4005,32.4476,-0.15,89,93,9.17,RU,1745008874
522,bamboo flat,11.7,92.7167,26.95,80,33,2.35,IN,1745008875
523,dryden,49.7833,-92.7503,2.16,93,100,2.57,CA,1745008876
524,silver city,32.7701,-108.2803,17.04,19,25,10.28,US,1745008877
525,palmer,42.1584,-72.3287,18.58,27,100,1.34,US,1745008878
526,oton,10.6931,122.4736,26.38,82,80,5.35,PH,1745008879
527,kerema,-7.9631,145.7785,25.63,84,100,2.67,PG,1745008880
528,encheng,22.1839,112.3026,24.51,95,84,2.05,CN,1745008881
529,kayangel,8.0823,134.7173,28.51,78,84,6.75,PW,1745008883
530,komarichi,52.4151,34.7905,13.61,67,3,1.61,RU,1745008884
531,lazaro cardenas,17.9583,-102.2,29.82,45,100,6.15,MX,1745008885
532,isangel,-19.55,169.2667,25.67,71,81,2.34,VU,1745008886
533,basciftlik,40.5469,37.1692,6.82,61,2,2.83,TR,1745008887
534,old saybrook,41.2918,-72.3762,16.19,44,97,2.24,US,1745008888
535,axim,4.8699,-2.2405,27.72,84,34,3.91,GH,1745008889
536,hamada,34.8833,132.0833,16.3,82,99,1.74,JP,1745008890
537,hasaki,35.7333,140.8333,16.3,92,37,4.91,JP,1745008892
538,aykhal,66.0,111.5,1.92,90,100,9.64,RU,1745008893
539,pulivendla,14.4167,78.2333,30.86,46,100,1.67,IN,1745008894
540,ciudad del maiz,22.4,-99.6,31.13,25,63,2.81,MX,1745008895
541,roxas,11.5853,122.7511,26.53,86,91,4.0,PH,1745008896
542,sisimiut,66.9395,-53.6735,-1.26,83,100,2.95,GL,1745008897
543,turpan,42.9333,89.1667,18.84,22,96,2.02,CN,1745008898
544,wau,7.7029,27.9953,28.28,43,100,1.28,SS,1745008899
545,dzhalagash,45.0833,64.6667,12.39,37,8,1.94,KZ,1745008901
546,minab,27.1467,57.0801,23.94,66,1,1.77,IR,1745008902
547,ilebo,-4.3167,20.5833,21.49,94,100,0.36,CD,1745008903
548,fort mcmurray,56.7268,-111.381,12.77,30,20,7.72,CA,1745008904
549,beidao,34.5686,105.8933,11.37,55,0,1.34,CN,1745008905
550,kabare,-2.4683,28.8242,16.42,95,89,0.24,CD,1745008906
551,tasqala,51.1167,50.3167,14.75,54,99,1.61,KZ,1745008907
552,puerto asis,0.5133,-76.5007,28.94,71,65,1.44,CO,1745008908
553,inhambane,-23.865,35.3833,22.21,64,100,4.15,MZ,1745008910
554,enriquillo,17.9,-71.2333,28.96,61,16,3.88,DO,1745008911
555,elista,46.3078,44.2558,11.29,62,0,5.0,RU,1745008912
556,tuy hoa,13.0833,109.3,23.93,86,25,1.56,VN,1745008913
557,aleysk,52.4926,82.7822,0.69,61,100,5.24,RU,1745008914
558,taroa,8.7058,171.2275,26.72,78,100,7.16,MH,1745008915
559,vinales,22.6164,-83.7078,29.96,40,2,4.81,CU,1745008916
560,general cabrera,-32.8131,-63.8724,16.28,61,100,3.25,AR,1745008918
561,prado,-17.3411,-39.2208,25.63,89,19,2.58,BR,1745008919
562,ta`u,-14.2336,-169.5144,28.1,72,100,5.71,AS,1745008920
563,makhambet,47.6667,51.5833,12.48,39,99,4.19,KZ,1745008921
564,tokonou,9.65,-9.7833,24.41,78,100,2.02,GN,1745008922
565,manicore,-5.8092,-61.3003,30.44,71,87,0.61,BR,1745008923
566,fiche,9.8,38.7333,15.32,56,100,1.14,ET,1745008924
567,san pedro,14.35,121.0167,28.57,75,20,2.57,PH,1745008925
568,namibe,-15.1961,12.1522,22.73,68,12,4.38,AO,1745008926
569,leava,-14.3,-178.1667,28.06,74,94,1.22,WF,1745008927
570,dompu,-8.5356,118.4622,24.01,99,100,1.23,ID,1745008929
571,la chapelle-saint-luc,48.3173,4.0399,11.03,66,0,4.12,FR,1745008930
572,ifrane,33.3333,-5.25,10.79,76,99,1.12,MA,1745008931
573,labrador city,52.9463,-66.9114,0.95,64,75,6.17,CA,1745008932
574,la'ie,21.6477,-157.9253,27.81,74,15,1.79,US,1745008933
575,lipljan,42.5217,21.1258,13.93,49,75,3.09,XK,1745008934
576,cooper's town,26.8667,-77.5167,23.75,64,3,9.04,BS,1745008935
577,vandergrift,40.6028,-79.5648,26.56,39,60,5.0,US,1745008936
578,grande prairie,55.1667,-118.8027,20.1,26,100,11.32,CA,1745008773
579,vuktyl,63.8567,57.3094,-1.65,97,100,3.85,RU,1745008940
580,mali,12.079,-12.2982,23.43,52,86,2.04,GN,1745008941
581,brinkmann,-30.8659,-62.0374,21.66,76,0,6.44,AR,1745008943
582,nenjiang,49.1833,125.2167,3.88,97,100,5.59,CN,1745008944
583,puerto quijarro,-17.7833,-57.7667,29.73,62,100,1.2,BO,1745008946
584,porbandar,21.6422,69.6093,26.0,82,2,5.31,IN,1745008947
585,hailar,49.2,119.7,-0.32,90,100,2.15,CN,1745008948
586,nogliki,51.8333,143.1667,-3.26,82,0,1.85,RU,1745008949
587,sumberpucung,-8.1586,112.4829,25.76,98,100,0.92,ID,1745008950
